"Name","Team","G","PA","HR","R","RBI","SB","BB%","K%","ISO","BABIP","AVG","OBP","SLG","wOBA","wRC+","BsR","Off","Def","WAR","playerid"
"Mike Trout","Angels","179","774","35","149","99","53","9.8%","21.8%",".226",".358",".306",".379",".532",".389","153","16.1","64.1","12.6","10.8","10155"
"Corey Seager","Dodgers","184","800","30","122","89","5","8.5%","19.0%",".207",".360",".312",".374",".519",".379","142","3.4","43.8","13.4","8.5","13624"
"Aaron Judge","Yankees","182","773","56","138","124","9","17.6%","32.3%",".319",".348",".270",".402",".589",".410","160","-0.4","57.0","-1.9","8.1","15640"
"Kris Bryant","Cubs","151","650","26","87","99","13","11.8%","30.6%",".213",".378",".275",".369",".488",".371","136","6.9","33.8","3.6","6.1","15429"
"Evan Longoria","Rays","122","508","27","67","85","7","9.1%","24.0%",".259",".309",".272",".343",".531",".370","128","3.3","21.1","17.9","5.6","9368"
"Jacoby Ellsbury","Red Sox","178","736","12","118","65","59","6.7%","12.9%",".121",".324",".293",".346",".413",".335","98","10.2","8.8","20.0","5.4","4727"
"Austin Kearns","Reds","107","435","13","66","56","6","12.4%","18.6%",".185",".370",".315",".407",".500",".394","139","1.5","22.6","12.8","5.0","332"
"Wilson Ramos","- - -","135","517","16","53","57","0","7.7%","17.0%",".169",".301",".269",".329",".438",".332","108","-4.8","-0.3","30.7","4.9","1433"
"Eric Hinske","Blue Jays","151","650","24","99","84","13","11.8%","21.2%",".201",".328",".279",".365",".481",".365","121","5.2","21.7","4.6","4.8","1305"
"Peter Alonso","Mets","161","693","53","103","120","1","10.4%","26.4%",".323",".280",".260",".358",".583",".384","143","-2.2","37.0","-9.7","4.8","19251"
"Troy Tulowitzki","Rockies","180","790","25","119","105","10","8.5%","19.6%",".170",".332",".284",".353",".454",".351","100","2.3","2.6","19.0","4.7","3531"
"Jason Heyward","Braves","142","623","18","83","72","11","14.6%","20.5%",".179",".335",".277",".393",".456",".377","134","1.8","27.0","-1.0","4.6","4940"
"Joe Mauer","Twins","166","676","15","79","72","14","10.7%","11.5%",".143",".318",".297",".371",".440",".350","114","2.7","14.4","9.3","4.6","1857"
"Ryan Zimmerman","Nationals","177","744","20","90","116","11","8.6%","17.7%",".183",".341",".296",".357",".479",".357","117","0.3","16.2","5.3","4.5","4220"
"Matt Duffy","Giants","183","676","12","82","85","12","4.6%","16.3%",".123",".337",".292",".331",".415",".326","110","4.7","12.3","8.8","4.5","13836"
"Bryce Harper","Nationals","139","597","22","98","59","18","9.4%","20.1%",".206",".310",".270",".340",".477",".352","121","2.1","16.8","6.7","4.4","11579"
"Hanley Ramirez","- - -","160","702","17","119","59","51","8.0%","18.5%",".187",".343",".291",".352",".479",".357","115","10.0","23.9","-2.5","4.3","8001"
"Austin Jackson","Tigers","151","675","4","103","41","27","7.0%","25.2%",".107",".396",".293",".345",".400",".329","101","7.3","8.3","7.5","4.1","9848"
"Cody Bellinger","Dodgers","132","548","39","87","97","10","11.7%","26.6%",".315",".299",".267",".352",".581",".380","138","2.0","28.7","-6.3","4.0","15998"
"Francisco Lindor","Indians","99","438","12","50","51","12","6.2%","15.8%",".169",".348",".313",".353",".482",".358","126","-0.8","12.2","10.8","4.0","12916"
"Yasiel Puig","Dodgers","104","432","19","66","42","11","8.3%","22.5%",".215",".383",".319",".391",".534",".398","160","-3.2","26.0","-2.5","3.9","14225"
"Danny Santana","Twins","101","430","7","70","40","20","4.4%","22.8%",".153",".405",".319",".353",".472",".362","132","5.5","20.6","1.5","3.9","10322"
"Yordan Alvarez","Astros","87","369","27","58","78","0","14.1%","25.5%",".342",".366",".313",".412",".655",".432","178","-1.8","34.8","-8.5","3.8","19556"
"Buster Posey","Giants","115","460","18","59","67","0","6.5%","12.8%",".191",".309",".298",".348",".489",".361","127","-1.0","13.7","8.9","3.8","9166"
"Yasmani Grandal","Padres","60","226","8","28","36","0","13.7%","17.3%",".172",".333",".297",".394",".469",".376","144","-2.7","9.2","19.9","3.8","11368"
"Harrison Bader","Cardinals","170","519","15","71","47","17","6.9%","28.7%",".155",".344",".259",".325",".414",".318","101","9.3","9.4","10.7","3.8","18030"
"Odubel Herrera","Phillies","147","537","8","64","41","16","5.2%","24.0%",".121",".387",".297",".344",".418",".333","111","2.3","8.9","9.9","3.8","11476"
"Geovany Soto","Cubs","171","650","26","79","96","0","10.3%","21.5%",".216",".341",".291",".365",".507",".374","121","-2.5","14.5","2.3","3.7","3707"
"Ronald Acuna Jr.","Braves","111","487","26","78","64","16","9.2%","25.3%",".259",".352",".293",".366",".552",".388","143","2.8","28.6","-7.8","3.7","18401"
"Danny Espinosa","Nationals","186","770","27","88","81","17","8.6%","25.5%",".186",".284",".232",".316",".419",".322","101","4.1","5.2","6.3","3.7","9219"
"Juan Soto","Nationals","116","494","22","77","70","5","16.0%","20.0%",".225",".338",".292",".406",".517",".392","145","2.0","29.3","-9.3","3.7","20123"
"Fernando Tatis Jr.","Padres","84","372","22","61","53","16","8.1%","29.6%",".272",".410",".317",".379",".590",".398","150","3.0","27.3","-2.1","3.6","19709"
"Jonathan Lucroy","Brewers","75","297","4","24","26","4","6.1%","14.8%",".076",".287",".253",".300",".329",".282","70","-1.4","-12.3","38.0","3.6","7870"
"Hunter Pence","Astros","108","484","17","57","69","11","5.4%","19.6%",".217",".377",".322",".360",".539",".385","132","0.4","20.2","-0.2","3.5","8252"
"Joey Votto","Reds","175","678","28","80","101","8","9.4%","17.3%",".211",".332",".300",".367",".511",".376","124","-1.7","19.3","-6.2","3.5","4314"
"Brandon Lowe","Rays","125","475","23","58","76","7","8.6%","31.8%",".235",".344",".259",".333",".494",".348","122","5.5","18.5","0.1","3.5","18882"
"Brian Anderson","Marlins","181","765","11","98","73","2","9.4%","20.5%",".125",".338",".272",".354",".396",".330","110","-0.2","8.9","0.3","3.4","18289"
"Marlon Byrd","Phillies","145","589","8","88","46","11","7.6%","17.3%",".117",".355",".298",".359",".415",".340","106","4.5","8.8","6.8","3.4","950"
"Brett Gardner","Yankees","150","425","3","66","39","39","8.0%","16.5%",".096",".306",".256",".325",".352",".304","79","8.6","-2.6","22.1","3.4","9927"
"Carlos Correa","Astros","99","432","22","52","68","14","9.3%","18.1%",".233",".296",".279",".345",".512",".365","136","1.9","20.0","-1.9","3.4","14162"
"Andrew McCutchen","Pirates","108","493","12","74","54","22","11.0%","16.8%",".185",".327",".286",".365",".471",".363","122","4.6","17.9","0.4","3.4","9847"
"Billy Hamilton","Reds","165","633","6","81","49","69","5.7%","19.1%",".105",".309",".254",".297",".359",".291","82","10.5","-2.5","13.7","3.3","10199"
"Elvis Andrus","Rangers","145","541","6","72","40","33","7.4%","14.2%",".106",".305",".267",".329",".373",".313","81","8.7","-4.4","18.3","3.3","8709"
"Trea Turner","Nationals","100","368","14","58","41","35","4.9%","19.3%",".210",".379",".329",".361",".539",".381","137","5.4","22.2","-1.5","3.3","16252"
"Randal Grichuk","Cardinals","150","466","20","60","55","4","5.8%","30.3%",".242",".352",".268",".316",".510",".352","126","0.3","14.5","1.9","3.3","10243"
"Tommy Edman","Cardinals","92","349","11","59","36","15","4.6%","17.5%",".196",".346",".304",".350",".500",".357","123","6.6","17.1","5.1","3.2","19470"
"Jeremy Reed","Mariners","159","610","3","72","50","15","9.0%","12.8%",".095",".308",".269",".338",".364",".313","93","0.3","-4.9","16.5","3.2","4730"
"Jody Gerut","Indians","127","525","22","66","75","4","6.7%","13.3%",".215",".287",".279",".336",".494",".354","117","-1.1","10.4","4.0","3.2","1696"
"Bryan Reynolds","Pirates","134","546","16","83","68","3","8.4%","22.2%",".189",".387",".314",".377",".503",".371","131","0.7","22.8","-7.6","3.2","19326"
"Denard Span","Twins","93","411","6","70","47","18","12.2%","14.6%",".138",".339",".294",".387",".432",".363","122","4.0","15.3","2.4","3.2","8347"
"Joc Pederson","Dodgers","169","623","26","68","54","4","16.2%","29.1%",".195",".261",".207",".347",".402",".330","113","-0.3","9.0","1.3","3.1","11899"
"Jorge Alfaro","Phillies","143","508","15","47","51","3","4.3%","35.2%",".152",".405",".270",".327",".422",".320","97","-0.9","-2.5","16.7","3.1","12180"
"Paul DeJong","Cardinals","108","443","25","55","65","1","4.7%","28.0%",".247",".349",".285",".325",".532",".359","123","-2.4","10.7","5.7","3.1","18015"
"Trevor Story","Rockies","97","415","27","67","72","8","8.4%","31.3%",".296",".343",".272",".341",".567",".380","122","1.9","13.2","3.9","3.1","12564"
"Jeff Francoeur","Braves","70","274","14","41","45","3","4.0%","21.2%",".249",".337",".300",".336",".549",".372","127","0.8","10.1","11.2","3.0","4792"
"Victor Robles","Nationals","189","710","20","96","79","31","5.5%","22.3%",".173",".311",".258",".327",".431",".322","95","2.7","-2.2","10.1","3.0","18363"
"Miguel Andujar","Yankees","154","614","27","83","96","3","4.2%","15.8%",".231",".320",".300",".332",".531",".364","132","1.3","24.7","-15.5","3.0","15878"
"Dustin Ackley","Mariners","90","376","6","39","36","6","10.6%","21.0%",".144",".339",".273",".348",".417",".337","117","2.4","9.8","6.1","3.0","10099"
"Khalil Greene","Padres","159","624","17","75","71","4","9.1%","18.1%",".175",".302",".266",".340",".441",".333","106","2.2","7.0","2.7","3.0","1826"
"Travis d'Arnaud","Mets","139","533","14","52","46","1","8.3%","15.9%",".151",".256",".233",".299",".384",".301","94","-3.3","-7.2","18.3","3.0","7739"
"Jason Bay","- - -","150","579","30","76","96","7","10.4%","27.3%",".263",".352",".283",".369",".546",".388","134","-1.7","23.7","-12.9","3.0","1717"
"Carlos Gomez","- - -","211","753","9","93","71","45","4.4%","22.4%",".097",".319",".254",".295",".350",".286","70","8.2","-19.9","23.6","2.9","4881"
"Angel Berroa","Royals","178","718","17","100","78","24","5.0%","15.3%",".159",".312",".280",".333",".439",".334","97","3.9","0.8","4.1","2.9","591"
"Ike Davis","Mets","147","601","19","73","71","3","12.0%","23.0%",".176",".321",".264",".351",".440",".346","116","-1.4","10.0","-0.5","2.9","8433"
"Kevin Kiermaier","Rays","109","364","10","35","35","5","6.3%","19.5%",".187",".306",".263",".315",".450",".333","117","2.0","8.6","5.4","2.8","11038"
"Dustin Pedroia","Red Sox","170","679","10","91","57","7","8.0%","7.2%",".123",".312",".299",".363",".422",".348","106","-2.2","3.0","1.8","2.8","8370"
"Shohei Ohtani","Angels","114","367","22","59","61","10","10.1%","27.8%",".279",".350",".285",".361",".564",".390","151","1.1","23.5","-8.9","2.8","19755"
"Matt Chapman","Athletics","84","326","14","39","40","0","9.8%","28.2%",".238",".290",".234",".313",".472",".332","110","2.0","5.9","10.6","2.8","16505"
"Chris Coghlan","Marlins","128","565","9","84","47","8","9.4%","13.6%",".139",".365",".321",".390",".460",".374","127","2.9","21.3","-12.2","2.7","6878"
"Mark Ellis","Athletics","98","404","6","58","35","4","10.9%","13.4%",".122",".306",".272",".359",".394",".335","106","4.8","7.6","5.4","2.7","1443"
"Bobby Kielty","Twins","112","348","12","49","46","4","14.9%","19.0%",".194",".338",".291",".405",".484",".387","137","2.7","18.4","-3.6","2.7","736"
"Colby Rasmus","Cardinals","147","520","16","72","52","3","6.9%","18.3%",".156",".282",".251",".307",".407",".311","89","5.9","-1.2","11.5","2.7","9893"
"Giancarlo Stanton","Marlins","100","396","22","45","59","5","8.6%","31.1%",".248",".330",".259",".326",".507",".356","118","0.2","8.6","4.9","2.6","4949"
"Aledmys Diaz","Cardinals","111","460","17","71","65","4","8.9%","13.0%",".210",".312",".300",".369",".510",".370","132","-2.7","15.6","-4.3","2.6","15937"
"Andrew Benintendi","Red Sox","185","776","22","100","104","21","10.3%","17.7%",".158",".311",".274",".353",".432",".336","105","2.3","6.8","-7.2","2.6","17901"
"Brett Lawrie","Blue Jays","43","171","9","26","25","7","9.4%","18.1%",".287",".318",".293",".373",".580",".407","157","2.2","13.4","5.5","2.6","5247"
"Enrique Hernandez","- - -","118","352","10","37","36","0","6.5%","19.0%",".180",".331",".285",".336",".464",".347","124","-0.3","9.6","3.6","2.6","10472"
"James Loney","Dodgers","144","486","19","61","85","1","7.4%","11.9%",".222",".334",".321",".372",".543",".388","134","-1.7","20.1","-9.8","2.6","4556"
"Shane Victorino","- - -","210","564","8","83","58","11","5.5%","13.1%",".121",".297",".267",".326",".388",".315","84","3.5","-7.9","15.7","2.6","1677"
"Addison Russell","Cubs","142","523","13","60","54","4","8.0%","28.5%",".147",".324",".242",".307",".389",".304","90","0.3","-6.1","14.0","2.6","14106"
"Mike Napoli","Angels","99","325","16","47","42","2","15.7%","27.7%",".228",".276",".228",".360",".455",".357","115","1.8","7.9","7.0","2.5","3057"
"Ryan Howard","Phillies","107","390","24","57","68","0","9.0%","29.0%",".279",".356",".288",".354",".567",".384","131","-0.8","14.4","-1.9","2.5","2154"
"Ryan Braun","Brewers","113","492","34","91","97","15","5.9%","22.8%",".310",".361",".324",".370",".634",".421","155","1.3","36.3","-26.9","2.5","3410"
"Willson Contreras","Cubs","76","283","12","33","35","2","9.2%","23.7%",".206",".339",".282",".357",".488",".363","126","-1.3","7.7","7.9","2.5","11609"
"Eddie Rosario","Twins","122","474","13","60","50","11","3.2%","24.9%",".192",".332",".267",".289",".459",".316","97","4.8","2.9","4.6","2.4","12155"
"Cavan Biggio","Blue Jays","100","430","16","66","48","14","16.5%","28.6%",".195",".309",".234",".364",".429",".343","114","4.9","12.6","-2.7","2.4","19252"
"Ramon Vazquez","Padres","128","474","2","50","32","7","9.5%","16.7%",".087",".331",".274",".344",".362",".314","95","2.5","-0.5","9.3","2.4","1058"
"Russell Martin","Dodgers","121","468","10","65","65","10","9.6%","12.2%",".154",".305",".282",".355",".436",".340","103","-1.4","0.6","8.6","2.4","4616"
"Yunel Escobar","Braves","94","355","5","54","28","5","7.6%","12.4%",".125",".364",".326",".385",".451",".369","121","1.7","11.1","1.3","2.4","4191"
"Chris Shelton","Tigers","134","487","19","67","62","0","8.8%","20.7%",".198",".332",".288",".355",".486",".363","125","0.4","15.2","-8.2","2.4","1891"
"Jedd Gyorko","Padres","125","525","23","62","63","1","6.3%","23.4%",".195",".287",".249",".301",".444",".325","110","0.1","6.0","0.1","2.3","10816"
"Chris Duncan","Cardinals","99","324","23","62","46","0","9.3%","22.8%",".300",".313",".290",".358",".590",".397","141","2.7","20.2","-6.8","2.3","2722"
"Juan Lagares","Mets","121","421","4","35","34","6","4.8%","22.8%",".110",".310",".242",".281",".352",".275","75","1.0","-10.8","19.7","2.3","5384"
"Gordon Beckham","White Sox","103","430","14","58","63","7","9.5%","15.1%",".190",".290",".270",".347",".460",".353","109","1.7","6.4","1.5","2.3","9015"
"David Wright","Mets","69","283","14","41","40","6","4.9%","14.1%",".232",".297",".293",".332",".525",".363","120","1.8","9.1","5.0","2.3","3787"
"Wil Myers","Rays","88","373","13","50","53","5","8.8%","24.4%",".185",".362",".293",".354",".478",".357","129","0.1","12.6","-3.4","2.3","10047"
"Josh Barfield","Padres","150","578","13","72","58","21","5.2%","14.0%",".143",".307",".280",".318",".423",".315","93","5.5","0.4","3.7","2.3","3622"
"A.J. Pollock","Diamondbacks","168","575","10","72","46","13","7.3%","16.2%",".141",".304",".265",".320",".406",".318","96","-1.0","-3.7","7.3","2.2","9256"
"Jose Reyes","Mets","69","292","5","47","32","13","4.5%","12.3%",".128",".335",".307",".334",".434",".333","102","3.9","4.4","8.6","2.2","1736"
"Trayce Thompson","- - -","124","397","18","48","48","6","9.8%","23.2%",".221",".286",".249",".322",".469",".340","116","5.3","12.5","-3.7","2.2","9952"
"Danny Jansen","Blue Jays","138","479","16","53","51","0","8.4%","20.0%",".159",".239",".215",".293",".374",".288","78","-0.3","-14.2","19.8","2.2","16535"
"Alex Gordon","Royals","151","601","15","60","60","14","6.8%","22.8%",".164",".303",".247",".314",".411",".316","87","2.7","-7.1","8.9","2.2","5209"
"Brad Miller","Mariners","76","335","8","41","36","5","7.2%","15.5%",".154",".294",".265",".318",".418",".323","106","2.7","5.0","4.5","2.2","12775"
"Devon Travis","Blue Jays","62","238","8","38","35","3","7.6%","18.1%",".194",".347",".304",".361",".498",".370","136","1.1","10.9","2.0","2.2","13862"
"Rhys Hoskins","Phillies","50","212","18","37","48","2","17.5%","21.7%",".359",".241",".259",".396",".618",".417","158","1.9","17.6","-2.8","2.2","16472"
"Travis Buck","Athletics","82","334","7","41","34","4","11.7%","19.8%",".186",".347",".288",".377",".474",".369","127","-0.1","11.0","-0.4","2.2","4646"
"Manuel Margot","Padres","136","566","13","57","42","19","6.2%","20.0%",".147",".308",".261",".308",".408",".307","89","1.5","-6.7","9.8","2.2","14712"
"Andre Ethier","Dodgers","126","441","11","50","55","5","7.7%","17.5%",".169",".354",".308",".365",".477",".361","117","0.4","10.4","-2.8","2.2","6265"
"Keston Hiura","Brewers","84","348","19","51","49","9","7.2%","30.7%",".268",".402",".303",".368",".570",".388","139","-0.1","17.8","-7.1","2.1","20003"
"Nick Swisher","Athletics","151","593","23","77","82","0","10.6%","20.4%",".205",".266",".238",".325",".443",".333","105","1.3","4.9","-3.8","2.1","4599"
"Ramon Laureano","Athletics","48","176","5","27","19","7","9.1%","28.4%",".186",".388",".288",".358",".474",".357","130","4.1","10.5","4.4","2.1","17128"
"Tony Wolters","Rockies","71","230","3","27","30","4","9.1%","23.0%",".137",".336",".259",".327",".395",".312","77","2.0","-4.6","18.2","2.1","11470"
"Alex Verdugo","Dodgers","158","488","14","55","49","4","7.4%","13.7%",".167",".302",".282",".335",".449",".331","107","0.5","5.3","0.7","2.1","17027"
"Willy Taveras","Astros","162","637","3","84","29","35","3.9%","16.3%",".051",".345",".290",".324",".341",".296","76","8.3","-11.1","11.3","2.1","1876"
"Bobby Crosby","Athletics","162","637","22","71","64","7","9.3%","22.9%",".183",".273",".233",".315",".417",".319","90","-1.5","-9.5","9.3","2.1","1818"
"Luis Arraez","Twins","92","366","4","54","28","2","9.8%","7.9%",".104",".355",".334",".399",".439",".360","125","1.8","13.4","-4.8","2.1","18568"
"Tyler Naquin","Indians","116","365","14","52","43","6","9.9%","30.7%",".218",".411",".296",".372",".514",".374","133","1.6","15.9","-8.1","2.1","13359"
"Danny Valencia","Twins","85","322","7","30","40","2","6.2%","14.3%",".137",".345",".311",".351",".448",".351","117","-2.2","4.4","4.3","2.1","6364"
"Alex Cintron","Diamondbacks","155","577","13","81","55","2","7.1%","8.0%",".159",".310",".302",".353",".461",".352","106","3.6","8.4","-6.3","2.1","50"
"Tim Anderson","White Sox","99","431","9","57","30","10","3.0%","27.1%",".149",".375",".283",".306",".432",".315","98","0.3","-1.0","6.3","2.1","15172"
"Darwin Barney","Cubs","173","656","2","78","45","9","4.3%","12.0%",".074",".307",".271",".310",".345",".291","76","4.0","-14.2","13.8","2.1","2430"
"Charles Thomas","Braves","83","267","7","35","31","3","7.9%","16.9%",".157",".332",".288",".368",".445",".346","107","3.1","5.5","6.6","2.0","2962"
"Cory Spangenberg","Padres","128","410","6","45","30","13","7.3%","21.7%",".134",".344",".274",".330",".408",".322","107","3.8","7.1","-0.6","2.0","12294"
"Miguel Sano","Twins","80","335","18","46","52","1","15.8%","35.5%",".262",".396",".269",".385",".530",".392","149","-4.6","14.5","-6.4","2.0","12164"
"Christian Vazquez","Red Sox","55","201","1","15","20","0","9.5%","16.4%",".069",".283",".240",".308",".309",".277","70","-1.4","-8.0","20.0","2.0","9774"
"Gleyber Torres","Yankees","123","484","24","54","77","6","8.7%","25.2%",".209",".321",".271",".340",".480",".349","122","-1.0","11.5","-7.9","2.0","16997"
"Scooter Gennett","Brewers","69","230","6","29","21","2","4.3%","18.3%",".155",".380",".324",".356",".479",".364","129","2.9","10.3","1.2","2.0","10339"
"Will Middlebrooks","Red Sox","75","286","15","34","54","4","4.5%","24.5%",".221",".335",".288",".325",".509",".357","122","-1.4","6.1","3.2","2.0","7002"
"Ronny Paulino","Pirates","131","486","6","38","55","0","7.2%","16.3%",".083",".366",".312",".363",".395",".332","98","-5.7","-6.8","11.1","2.0","2129"
"Trey Mancini","Orioles","152","601","27","68","83","1","5.5%","23.8%",".208",".350",".294",".339",".503",".355","121","-0.3","15.0","-15.7","2.0","15149"
"Nick Markakis","Orioles","147","542","16","72","62","2","7.9%","13.3%",".157",".314",".291",".351",".448",".345","106","0.6","4.5","-2.9","2.0","5930"
"Kevin Kouzmanoff","- - -","161","595","21","61","85","1","6.2%","17.8%",".183",".296",".269",".324",".452",".335","106","-0.8","3.6","-3.4","2.0","5995"
"Alex Rios","Blue Jays","111","460","1","55","28","15","6.7%","18.3%",".096",".355",".286",".338",".383",".319","87","0.9","-6.8","11.0","1.9","2090"
"Ender Inciarte","Diamondbacks","118","447","4","54","27","19","5.6%","11.9%",".081",".310",".278",".318",".359",".303","86","-0.8","-7.7","11.9","1.9","4922"
"David Fletcher","Angels","80","307","1","35","25","3","4.9%","11.1%",".088",".307",".275",".316",".363",".297","88","2.0","-2.4","10.8","1.9","17992"
"Ian Happ","Cubs","115","413","24","62","68","8","9.4%","31.2%",".261",".316",".253",".328",".514",".349","114","-2.6","4.6","0.9","1.9","17919"
"Michael Conforto","Mets","56","194","9","30","26","0","8.8%","20.1%",".236",".297",".270",".335",".506",".359","133","0.6","8.1","3.6","1.9","16376"
"Eloy Jimenez","White Sox","122","504","31","69","79","0","6.0%","26.6%",".246",".308",".267",".315",".513",".343","116","1.8","12.3","-11.0","1.9","17484"
"Ozzie Albies","Braves","57","244","6","34","28","8","8.6%","14.8%",".171",".316",".286",".354",".456",".347","111","2.7","6.1","4.5","1.9","16556"
"George Springer","Astros","78","345","20","45","51","5","11.3%","33.0%",".237",".294",".231",".336",".468",".352","129","1.3","12.4","-6.4","1.9","12856"
"Brad Wilkerson","Expos","153","603","20","92","59","7","13.4%","26.7%",".203",".348",".266",".370",".469",".363","118","-0.2","13.1","-14.2","1.8","804"
"Andrelton Simmons","Braves","49","182","3","17","19","1","6.6%","11.5%",".127",".310",".289",".335",".416",".324","103","0.7","1.3","10.8","1.8","10847"
"Peter Bourjos","Angels","51","193","6","19","15","10","3.1%","20.7%",".177",".228",".204",".237",".381",".268","65","0.9","-7.0","17.9","1.8","2578"
"Daric Barton","Athletics","158","607","13","75","55","3","12.4%","18.1%",".145",".283",".243",".341",".388",".324","97","5.2","3.5","-6.0","1.8","5928"
"Jemile Weeks","Athletics","97","437","2","50","36","22","4.8%","14.2%",".118",".350",".303",".340",".421",".333","111","0.2","5.5","-2.8","1.8","2498"
"Mookie Betts","Red Sox","52","213","5","34","18","7","9.9%","14.6%",".153",".327",".291",".368",".444",".361","129","2.5","9.2","0.5","1.8","13611"
"Nolan Arenado","Rockies","133","514","10","49","52","2","4.5%","14.0%",".138",".296",".267",".301",".405",".308","77","-1.7","-15.2","16.5","1.8","9777"
"Christian Yelich","Marlins","62","273","4","34","16","10","11.4%","24.2%",".108",".380",".288",".370",".396",".341","118","3.4","9.0","-0.5","1.8","11477"
"Mark Reynolds","Diamondbacks","111","414","17","62","62","0","8.9%","31.2%",".216",".378",".279",".349",".495",".360","109","1.6","6.3","-1.5","1.8","7619"
"Kyle Schwarber","Cubs","69","273","16","52","43","3","13.2%","28.2%",".241",".293",".246",".355",".487",".364","131","2.4","12.2","-3.8","1.8","16478"
"Ryan Sweeney","- - -","148","517","6","59","55","9","8.1%","15.3%",".093",".314",".274",".334",".366",".311","88","2.8","-4.8","4.7","1.8","6352"
"Ketel Marte","Mariners","57","247","2","25","17","8","9.7%","17.4%",".119",".341",".283",".351",".402",".330","112","0.5","4.0","4.7","1.8","13613"
"Rocco Baldelli","Devil Rays","156","684","11","89","78","27","4.4%","18.7%",".127",".343",".289",".326",".416",".321","94","2.6","-2.2","-3.3","1.8","1656"
"Starlin Castro","Cubs","125","506","3","53","41","10","5.7%","14.0%",".108",".346",".300",".347",".408",".329","99","-0.9","-1.7","3.6","1.8","4579"
"Albert Almora Jr.","Cubs","179","440","11","53","60","1","5.5%","16.6%",".156",".331",".292",".330",".448",".331","103","-3.1","-1.5","4.6","1.7","14109"
"Bo Bichette","Blue Jays","46","212","11","32","21","4","6.6%","23.6%",".260",".368",".311",".358",".571",".384","142","-1.2","10.2","0.2","1.7","19612"
"Oscar Mercado","Indians","115","482","15","70","54","15","5.8%","17.4%",".174",".300",".269",".318",".443",".321","95","3.5","0.3","0.4","1.7","16375"
"Mark Teixeira","Rangers","146","589","26","66","84","1","7.5%","20.4%",".221",".288",".259",".331",".480",".347","105","-3.7","-0.2","-2.7","1.7","1281"
"Billy Burns","Athletics","138","561","5","74","42","29","4.6%","14.4%",".097",".337",".293",".332",".390",".315","100","5.5","5.8","-8.1","1.7","12701"
"Jose Tabata","Pirates","102","441","4","61","35","19","6.3%","12.9%",".101",".339",".299",".346",".400",".332","106","1.9","5.2","-2.5","1.7","2411"
"Tyler Colvin","Cubs","141","415","20","61","58","6","7.7%","25.3%",".235",".292",".251",".312",".485",".344","108","3.1","7.1","-3.7","1.7","5310"
"Chris Owings","Diamondbacks","111","393","6","39","31","10","5.6%","19.6%",".137",".320",".266",".309",".403",".313","93","1.0","-2.1","5.3","1.7","10030"
"Will Smith","Dodgers","54","196","15","30","42","2","9.2%","26.5%",".318",".264",".253",".337",".571",".369","132","-0.8","7.4","3.3","1.7","19197"
"Willy Aybar","- - -","105","383","5","44","40","4","12.0%","12.3%",".125",".329",".292",".387",".416",".359","116","-4.2","3.5","0.5","1.7","2192"
"Maikel Franco","Phillies","96","393","14","50","55","1","6.9%","16.5%",".189",".286",".264",".321",".453",".333","111","-0.6","4.6","-1.0","1.7","12179"
"Chad Tracy","Diamondbacks","143","532","8","45","53","2","8.5%","11.3%",".123",".309",".285",".343",".407",".327","89","-1.9","-9.6","8.6","1.6","1888"
"Marcell Ozuna","Marlins","70","291","3","31","32","5","4.5%","19.6%",".124",".326",".265",".303",".389",".304","92","1.6","-0.9","7.3","1.6","10324"
"Carlos Santana","Indians","46","192","6","23","22","3","19.3%","15.1%",".207",".277",".260",".401",".467",".380","140","-0.6","8.6","0.4","1.6","2396"
"Mark Trumbo","Angels","157","589","29","67","89","9","4.4%","21.7%",".217",".272",".249",".287",".466",".322","104","-1.8","1.1","-5.3","1.6","6876"
"Jed Lowrie","Red Sox","81","306","2","34","46","1","11.4%","22.2%",".142",".328",".258",".339",".400",".326","92","-2.5","-5.4","10.7","1.6","4418"
"Delino DeShields","Rangers","121","492","2","83","37","25","10.8%","20.5%",".113",".334",".261",".344",".374",".317","95","7.2","4.5","-5.7","1.6","11379"
"Kevin Newman","Pirates","161","628","12","68","70","16","5.1%","13.5%",".120",".325",".293",".337",".413",".320","97","-1.4","-2.9","-0.7","1.6","17696"
"Matt Joyce","Tigers","92","277","12","40","33","0","11.2%","23.5%",".240",".293",".252",".339",".492",".359","117","-0.4","5.5","0.6","1.6","3353"
"Blake DeWitt","Dodgers","117","421","9","45","52","3","10.7%","16.2%",".120",".297",".264",".344",".383",".318","91","1.0","-3.7","5.9","1.6","7485"
"Bradley Zimmer","Indians","101","332","8","41","39","18","7.8%","29.8%",".144",".328",".241",".307",".385",".299","79","6.7","-1.7","6.1","1.6","16221"
"J.J. Hardy","Brewers","124","427","9","46","50","0","10.3%","11.2%",".137",".262",".247",".327",".384",".309","84","1.5","-7.3","8.9","1.6","3797"
"Didi Gregorius","- - -","111","425","7","48","30","0","8.7%","16.5%",".114",".296",".255",".330",".369",".309","90","2.1","-2.7","4.4","1.6","6012"
"Ryon Healy","Athletics","72","283","13","36","37","0","4.2%","21.2%",".219",".352",".305",".337",".524",".364","132","-1.6","9.3","-4.1","1.5","15447"
"Jake Lamb","Diamondbacks","144","523","10","53","45","4","8.0%","25.6%",".128",".330",".254",".314",".382",".304","86","1.5","-7.1","5.4","1.5","13329"
"Kevin Youkilis","Red Sox","72","248","7","38","35","0","13.3%","18.1%",".154",".296",".260",".367",".413",".346","106","-2.4","-0.6","7.9","1.5","1935"
"Travis Ishikawa","Giants","165","492","12","62","58","3","8.1%","24.8%",".137",".339",".265",".330",".402",".321","93","0.6","-3.4","3.2","1.5","4793"
"Kolten Wong","Cardinals","145","495","12","58","42","23","4.8%","16.8%",".124",".264",".236",".280",".360",".282","78","5.5","-6.5","5.5","1.5","12532"
"Ben Gamel","- - -","167","607","12","77","64","4","6.9%","22.7%",".135",".334",".268",".318",".402",".310","95","4.0","0.5","-5.9","1.5","12160"
"Kelly Johnson","Braves","87","334","9","46","40","2","12.0%","22.5%",".155",".295",".241",".334",".397",".323","95","-0.9","-3.1","7.3","1.5","2234"
"Pedro Alvarez","Pirates","95","386","16","42","64","0","9.6%","30.8%",".205",".341",".256",".326",".461",".344","114","-0.8","5.6","-2.7","1.5","2495"
"Byron Buxton","Twins","138","469","12","60","44","12","6.2%","34.5%",".178",".320",".220",".274",".398",".289","76","5.1","-7.9","6.8","1.5","14161"
"Omar Narvaez","White Sox","124","412","3","36","24","0","12.6%","14.3%",".065",".320",".274",".367",".339",".316","98","-1.8","-2.8","3.8","1.5","13338"
"Neil Walker","Pirates","127","509","12","62","66","3","7.5%","18.5%",".156",".336",".288",".343",".444",".345","114","0.6","9.4","-10.6","1.5","7539"
"Travis Shaw","Red Sox","65","248","13","31","36","0","7.3%","23.0%",".217",".304",".270",".327",".487",".348","118","0.8","5.9","0.0","1.5","11982"
"Josh Phelps","Blue Jays","74","287","15","41","58","0","6.6%","28.6%",".253",".399",".309",".362",".562",".396","141","-2.0","12.6","-7.6","1.5","1318"
"Pete Kozma","Cardinals","185","552","3","57","50","5","8.2%","20.7%",".082",".292",".232",".293",".315",".265","65","2.3","-19.1","16.4","1.5","2539"
"Nick Franklin","Mariners","102","412","12","38","45","6","10.2%","27.4%",".157",".290",".225",".303",".382",".304","93","1.1","-2.0","2.0","1.4","10166"
"Aaron Hill","Blue Jays","105","407","3","49","40","2","8.4%","10.1%",".111",".299",".274",".342",".385",".322","93","3.0","-0.3","0.8","1.4","6104"
"Mike Jacobs","- - -","166","632","31","73","100","3","8.7%","20.1%",".244",".295",".271",".334",".515",".359","117","-4.8","8.7","-15.4","1.4","2231"
"Drew Stubbs","Reds","42","196","8","27","17","10","7.7%","25.0%",".172",".325",".267",".323",".439",".334","99","1.4","1.1","6.9","1.4","9328"
"Xavier Nady","Padres","110","404","9","50","39","6","5.9%","18.3%",".124",".311",".267",".321",".391",".314","93","1.5","-2.1","3.2","1.4","1658"
"Yonder Alonso","- - -","224","746","14","58","80","3","9.7%","17.7%",".131",".326",".278",".349",".408",".330","112","-6.4","3.9","-13.2","1.4","2530"
"Jake Cave","Twins","91","309","13","54","45","2","5.8%","33.0%",".208",".363",".265",".313",".473",".332","109","0.6","3.9","-0.8","1.4","14477"
"Stephen Piscotty","Cardinals","63","256","7","29","39","2","7.8%","21.9%",".189",".372",".305",".359",".494",".364","134","-1.4","8.6","-3.6","1.4","13367"
"Clete Thomas","Tigers","142","443","8","53","48","5","10.6%","23.3%",".138",".325",".253",".336",".391",".324","92","3.9","-0.3","-1.5","1.4","3373"
"Jesse Winker","Reds","136","471","14","59","58","1","13.6%","14.9%",".162",".332",".299",".397",".460",".371","129","-2.7","14.5","-16.1","1.4","13590"
"Willy Adames","Rays","85","323","10","43","34","6","9.6%","29.4%",".128",".378",".278",".348",".406",".328","110","1.0","4.9","-2.3","1.4","15986"
"Dan Johnson","Athletics","109","434","15","54","58","0","11.5%","12.0%",".176",".278",".275",".355",".451",".350","117","-1.1","7.8","-9.0","1.4","2167"
"Matt Holliday","Rockies","121","439","14","65","57","3","7.1%","19.6%",".198",".339",".290",".349",".488",".361","104","2.8","5.2","-6.4","1.3","1873"
"Joe Panik","Giants","73","287","1","31","18","0","5.6%","11.5%",".063",".343",".305",".343",".368",".317","106","1.5","3.4","-0.1","1.3","11936"
"Ben Revere","Twins","130","511","0","57","32","34","5.5%","9.0%",".040",".289",".262",".305",".301",".273","67","4.1","-15.7","10.6","1.3","4712"
"Manny Machado","Orioles","51","202","7","24","26","2","4.5%","18.8%",".183",".293",".262",".294",".445",".317","97","0.2","-0.5","5.6","1.3","11493"
"Chris Heisey","Reds","97","226","8","33","21","1","7.1%","25.2%",".179",".312",".254",".324",".433",".332","102","1.5","1.9","3.3","1.3","3978"
"Donovan Solano","Marlins","93","316","2","29","28","7","6.6%","18.4%",".081",".357",".295",".342",".375",".314","97","2.7","1.5","0.8","1.2","8623"
"David Dahl","Rockies","63","237","7","42","24","5","6.3%","24.9%",".185",".404",".315",".359",".500",".367","113","2.8","6.7","-1.9","1.2","13744"
"Matt Adams","Cardinals","135","410","19","54","64","0","6.8%","25.4%",".202",".332",".275",".324",".476",".349","123","-3.2","7.4","-8.3","1.2","9393"
"Travis Jankowski","Padres","165","479","4","62","24","32","9.6%","25.9%",".082",".327",".238",".315",".320",".285","77","4.1","-8.9","6.1","1.2","13768"
"Joe Crede","White Sox","53","209","12","28","35","0","3.8%","19.1%",".230",".302",".285",".311",".515",".352","113","-0.4","2.9","2.0","1.2","227"
"Max Kepler","Twins","116","454","17","52","63","6","9.3%","21.1%",".186",".261",".233",".307",".419",".310","91","4.2","-0.9","-3.0","1.2","12144"
"Ian Stewart","Rockies","116","350","11","36","50","1","8.9%","31.7%",".191",".356",".252",".337",".443",".339","95","-0.2","-2.6","3.4","1.2","5950"
"Franmil Reyes","Padres","87","285","16","36","31","0","8.4%","28.1%",".218",".345",".280",".340",".498",".360","129","-0.3","9.7","-7.2","1.2","14566"
"Kurt Suzuki","Athletics","68","248","7","27","39","0","9.7%","15.7%",".160",".267",".249",".327",".408",".323","96","0.3","-1.0","4.4","1.2","8259"
"Gregor Blanco","Braves","144","519","1","52","38","13","14.3%","19.1%",".058",".321",".251",".366",".309",".315","89","3.7","-3.5","-1.4","1.2","3123"
"Luis Rengifo","Angels","108","406","7","44","33","2","9.9%","22.9%",".126",".300",".238",".321",".364",".298","86","0.5","-6.7","4.3","1.2","19858"
"Ian Desmond","Nationals","175","663","14","68","77","18","5.0%","18.6%",".145",".314",".270",".309",".415",".315","91","2.7","-4.1","-4.7","1.2","6885"
"Chris Young","Diamondbacks","178","702","34","95","78","29","7.0%","21.8%",".221",".258",".238",".297",".459",".324","85","5.0","-8.4","-3.0","1.2","3882"
"Brendan Ryan","Cardinals","67","199","4","30","12","7","7.5%","9.5%",".117",".306",".289",".347",".406",".335","100","3.5","3.6","1.7","1.2","6073"
"Kevin Plawecki","Mets","73","258","3","18","21","0","6.6%","23.3%",".077",".277",".219",".280",".296",".252","59","-0.5","-12.8","15.7","1.1","13807"
"Kelby Tomlinson","Giants","54","193","2","23","20","5","7.3%","20.7%",".101",".382",".303",".358",".404",".335","116","1.2","4.7","0.1","1.1","13005"
"Kevin Mench","Rangers","110","412","15","52","60","1","7.5%","20.1%",".189",".293",".260",".327",".448",".337","99","0.1","-0.6","-2.1","1.1","1261"
"Adam Eaton","Diamondbacks","88","380","5","59","27","7","8.2%","15.5%",".119",".294",".254",".332",".373",".315","94","3.1","0.4","-1.2","1.1","11205"
"Greg Bird","Yankees","46","178","11","26","31","0","10.7%","29.8%",".268",".319",".261",".343",".529",".372","137","-0.3","7.4","-2.6","1.1","14131"
"Johan Camargo","Braves","82","256","4","30","27","0","4.7%","19.9%",".154",".364",".299",".331",".452",".330","100","0.5","0.5","2.4","1.1","14950"
"J.D. Martinez","Astros","53","226","6","29","35","0","5.8%","21.2%",".149",".325",".274",".319",".423",".323","103","-2.1","-1.3","5.0","1.1","6184"
"Jefry Marte","- - -","121","374","19","47","55","2","7.0%","21.7%",".222",".261",".243",".304",".464",".328","107","-1.1","2.3","-4.1","1.1","5107"
"Luis Rodriguez","Twins","79","203","2","21","20","2","8.9%","11.3%",".114",".294",".269",".335",".383",".317","93","-0.8","-2.6","6.8","1.1","2364"
"Nolan Reimold","Orioles","104","411","15","49","45","8","11.4%","18.7%",".187",".316",".279",".365",".466",".364","117","0.7","9.2","-12.6","1.1","3441"
"Junior Lake","Cubs","64","254","6","26","16","4","5.1%","26.8%",".144",".377",".284",".332",".428",".335","112","-0.4","3.1","-0.5","1.1","4672"
"Jon Jay","Cardinals","105","323","4","47","27","2","7.4%","15.5%",".122",".350",".300",".359",".422",".347","116","0.2","6.3","-5.5","1.1","5227"
"Ian Kinsler","Rangers","120","474","14","65","55","11","8.4%","13.5%",".168",".304",".286",".347",".454",".345","102","0.0","1.2","-6.3","1.1","6195"
"Matt Wieters","Orioles","96","385","9","35","43","0","7.3%","22.3%",".124",".356",".288",".340",".412",".331","95","-4.9","-7.3","4.5","1.1","4298"
"Wilmer Flores","Mets","105","375","7","36","42","1","4.5%","14.4%",".116",".264",".240",".275",".356",".277","78","0.4","-9.0","7.5","1.1","5827"
"Nicky Delmonico","White Sox","43","166","9","25","23","2","13.9%","18.7%",".220",".277",".262",".373",".482",".369","133","-0.5","6.3","-1.4","1.1","13157"
"Eric Hosmer","Royals","128","563","19","66","78","11","6.0%","14.6%",".172",".314",".293",".334",".465",".343","113","3.0","11.6","-20.3","1.1","3516"
"Garrett Atkins","Rockies","178","679","14","71","101","0","7.7%","13.1%",".128",".301",".276",".336",".404",".325","85","-3.0","-16.2","4.4","1.1","1790"
"Chris Burke","Astros","125","379","5","51","26","11","6.9%","17.2%",".113",".280",".239",".303",".352",".291","73","2.4","-10.6","8.6","1.0","2164"
"Anthony Rendon","Nationals","98","394","7","40","35","1","7.9%","17.5%",".131",".307",".265",".329",".396",".318","100","0.9","0.7","-2.9","1.0","12861"
"Melky Cabrera","Yankees","136","543","7","76","50","12","10.3%","11.2%",".106",".306",".278",".355",".384",".328","95","1.8","-1.5","-6.3","1.0","4022"
"David Bote","Cubs","74","210","6","23","33","3","9.0%","28.6%",".168",".314",".239",".319",".408",".314","96","-0.4","-1.6","5.0","1.0","14593"
"Stephen Drew","Diamondbacks","59","226","5","27","23","2","6.2%","22.1%",".201",".394",".316",".357",".517",".366","114","1.0","5.1","-2.1","1.0","4251"
"Alex Bregman","Astros","49","217","8","31","34","2","6.9%","24.0%",".214",".317",".264",".313",".478",".336","114","0.7","4.4","-1.8","1.0","17678"
"Anthony Rizzo","- - -","136","521","16","53","57","5","9.2%","20.7%",".157",".287",".245",".324",".402",".320","100","-3.0","-2.9","-3.2","1.0","3473"
"Michael Bourn","- - -","260","658","6","88","35","60","7.8%","20.5%",".076",".297",".237",".299",".313",".277","62","10.8","-20.4","9.4","1.0","6387"
"Rougned Odor","Rangers","114","417","9","39","48","4","4.1%","17.0%",".142",".294",".259",".297",".402",".306","91","-0.8","-4.9","0.8","1.0","12282"
"Jorge Soler","Cubs","125","501","15","50","67","4","7.6%","28.9%",".165",".357",".268",".325",".433",".327","106","1.4","4.5","-10.8","1.0","14221"
"Jorge Bonifacio","Royals","113","422","17","55","40","1","8.3%","28.0%",".177",".324",".255",".320",".432",".323","98","0.2","-0.6","-3.9","1.0","12174"
"Brandon Boggs","Rangers","101","334","8","30","41","3","13.2%","27.8%",".173",".303",".226",".333",".399",".325","93","1.3","-1.7","0.0","1.0","8021"
"Carlos Gonzalez","Athletics","85","316","4","31","26","4","4.1%","25.6%",".119",".318",".242",".273",".361",".277","67","0.4","-12.4","11.1","1.0","7287"
"Logan Morrison","Marlins","62","287","2","43","18","0","14.3%","17.8%",".164",".351",".283",".390",".447",".372","129","0.4","10.3","-9.8","1.0","9205"
"Carlos Quentin","Diamondbacks","57","191","9","23","32","1","7.9%","17.8%",".277",".266",".253",".342",".530",".366","114","-1.6","1.9","1.4","0.9","6274"
"Blake Swihart","Red Sox","84","309","5","47","31","4","5.8%","24.9%",".118",".359",".274",".319",".392",".312","93","1.1","-1.6","0.3","0.9","13176"
"Miguel Olivo","White Sox","120","367","7","39","32","6","5.7%","23.2%",".128",".293",".235",".287",".363",".286","68","0.9","-13.9","10.7","0.9","1638"
"Jorge Cantu","Devil Rays","50","185","2","25","17","0","4.9%","23.8%",".162",".391",".301",".341",".462",".346","108","1.3","3.2","-0.1","0.9","2521"
"Adam Haseley","Phillies","67","242","5","30","26","4","5.8%","24.8%",".131",".344",".266",".324",".396",".309","88","1.5","-2.4","4.0","0.9","19878"
"Kyle Blanks","Padres","54","172","10","24","22","1","10.5%","32.0%",".264",".325",".250",".355",".514",".375","137","-0.7","7.1","-3.5","0.9","49"
"Alcides Escobar","Brewers","192","690","5","79","52","14","5.8%","12.9%",".085",".283",".250",".298",".335",".279","67","6.0","-21.0","8.7","0.9","6310"
"Eugenio Suarez","Tigers","85","277","4","33","23","3","7.9%","24.2%",".094",".316",".242",".316",".336",".295","86","0.4","-3.8","3.1","0.9","12552"
"Everth Cabrera","Padres","103","438","2","59","31","25","10.5%","20.1%",".106",".325",".255",".342",".361",".313","95","2.4","-0.1","-4.9","0.9","8155"
"Tommy Joseph","Phillies","107","347","21","47","47","1","6.3%","21.6%",".248",".267",".257",".308",".505",".342","112","-2.1","3.1","-5.5","0.9","10349"
"Josh Fields","White Sox","111","443","24","58","69","1","9.0%","30.0%",".237",".293",".239",".309",".476",".337","99","-1.6","-1.9","-4.7","0.8","7490"
"Jay Bruce","Reds","108","452","21","63","52","4","7.3%","24.3%",".199",".296",".254",".314",".453",".333","97","1.0","-0.9","-5.1","0.8","9892"
"Daniel Descalso","Cardinals","159","412","1","41","32","3","8.5%","17.2%",".086",".323",".264",".333",".350",".298","88","2.9","-2.9","-1.6","0.8","8392"
"Russ Adams","Blue Jays","161","623","12","78","73","12","8.8%","10.0%",".139",".273",".262",".329",".401",".320","91","4.3","-2.4","-10.4","0.8","4519"
"Miguel Cabrera","Marlins","87","346","12","39","62","0","7.2%","24.3%",".201",".329",".268",".325",".468",".338","106","-1.9","0.9","-3.8","0.8","1744"
"Chris Getz","White Sox","117","422","2","51","32","26","7.1%","13.0%",".084",".299",".262",".323",".346",".300","74","6.7","-7.2","0.6","0.8","3388"
"Chris Davis","Rangers","80","317","17","51","55","1","6.3%","27.8%",".264",".351",".285",".331",".549",".375","126","-2.4","7.6","-10.4","0.8","9272"
"Josh Bard","Indians","115","425","11","34","48","0","6.1%","15.5%",".135",".260",".239",".284",".374",".287","73","-2.8","-17.3","10.9","0.8","1578"
"Ryan O'Hearn","Royals","44","170","12","23","30","0","11.8%","26.5%",".336",".293",".262",".353",".597",".398","153","-1.7","9.1","-6.9","0.8","16442"
"Josh Harrison","Pirates","65","204","1","21","16","4","1.5%","11.8%",".103",".304",".272",".281",".374",".286","79","-0.4","-5.3","6.7","0.8","8202"
"Adam LaRoche","Braves","110","356","13","45","45","0","7.6%","21.9%",".210",".328",".278",".333",".488",".350","110","-1.4","3.2","-7.1","0.8","1904"
"Adam Lind","Blue Jays","107","376","13","42","54","1","5.6%","20.5%",".174",".298",".260",".302",".434",".319","90","-1.7","-6.3","1.3","0.8","8027"
"Delmon Young","Devil Rays","192","812","16","81","103","12","3.3%","18.6%",".126",".343",".293",".319",".419",".320","92","-1.9","-9.6","-10.4","0.8","2140"
"Prince Fielder","Brewers","196","710","30","84","91","7","8.6%","20.0%",".209",".303",".272",".344",".481",".351","109","-2.2","6.2","-21.9","0.8","4613"
"Emmanuel Burriss","Giants","95","274","1","37","18","13","8.4%","8.8%",".046",".310",".283",".357",".329",".314","86","2.7","-2.0","0.9","0.8","2917"
"Rafael Devers","Red Sox","58","240","10","34","30","3","7.5%","23.8%",".198",".342",".284",".338",".482",".344","110","0.2","3.3","-3.8","0.8","17350"
"Mike Zunino","Mariners","52","193","5","22","14","1","8.3%","25.4%",".116",".267",".214",".290",".329",".280","77","1.1","-4.0","4.7","0.8","13265"
"Cheslor Cuthbert","Royals","147","560","13","55","54","2","6.4%","18.8%",".140",".314",".269",".315",".409",".313","93","-5.0","-9.3","-2.6","0.8","10473"
"Coco Crisp","Indians","131","590","4","71","36","19","5.8%","11.9%",".096",".294",".264",".305",".360",".292","76","4.3","-13.2","0.5","0.8","1572"
"Hunter Renfroe","Padres","133","515","30","59","72","3","5.4%","28.2%",".250",".281",".242",".291",".492",".327","102","1.0","2.4","-11.9","0.7","15464"
"Lonnie Chisenhall","Indians","66","223","7","27","22","1","3.6%","22.0%",".160",".299",".255",".284",".415",".303","91","-0.3","-2.5","2.2","0.7","7571"
"Nick Senzel","Reds","104","414","12","55","42","14","7.2%","24.4%",".171",".319",".256",".315",".427",".315","90","-0.4","-5.9","0.2","0.7","19293"
"Alex Sanchez","Brewers","112","435","1","55","33","37","7.1%","14.3%",".069",".339",".289",".343",".358",".314","88","2.2","-4.5","-2.3","0.7","708"
"Brennan Boesch","Tigers","133","512","14","49","67","7","7.8%","19.3%",".159",".297",".256",".320",".416",".322","96","1.4","-0.8","-10.1","0.7","914"
"Jason Repko","Dodgers","129","301","8","43","30","5","5.3%","26.6%",".163",".282",".221",".281",".384",".290","74","3.9","-6.1","3.7","0.7","2628"
"Orlando Hudson","Blue Jays","54","207","4","20","23","0","5.3%","13.0%",".167",".301",".276",".319",".443",".329","96","-0.3","-1.2","1.6","0.7","1307"
"Asdrubal Cabrera","Indians","45","186","3","30","22","0","9.1%","15.6%",".138",".323",".283",".354",".421",".341","107","1.6","3.4","-2.4","0.7","4962"
"Derek Dietrich","Marlins","57","233","9","32","23","1","4.7%","24.0%",".191",".247",".214",".275",".405",".297","88","2.4","-0.9","0.6","0.7","10542"
"Nick Williams","Phillies","83","343","12","45","55","1","5.8%","28.3%",".185",".375",".288",".338",".473",".344","110","-2.2","2.2","-6.3","0.7","14330"
"Shed Long","Mariners","42","168","5","21","15","3","9.5%","23.8%",".191",".327",".263",".333",".454",".333","111","1.1","3.5","-2.3","0.7","16542"
"Aaron Rowand","White Sox","126","331","7","41","29","0","3.6%","16.3%",".136",".292",".258",".298",".394",".302","79","-0.9","-9.7","5.3","0.7","254"
"Mitch Moreland","Rangers","47","173","9","20","25","3","14.5%","20.8%",".214",".275",".255",".364",".469",".357","115","0.7","3.7","-3.1","0.7","3086"
"Carl Crawford","Devil Rays","63","278","2","23","30","9","3.2%","14.7%",".112",".300",".259",".290",".371",".289","74","1.5","-7.5","4.9","0.7","1201"
"David DeJesus","Royals","108","423","7","58","39","8","8.0%","13.0%",".119",".321",".286",".362",".405",".342","100","-2.2","-2.2","-5.2","0.7","1825"
"Marcus Semien","White Sox","85","326","8","37","35","5","6.7%","28.2%",".140",".318",".240",".293",".380",".299","88","-0.5","-4.9","0.7","0.7","12533"
"Jerry Sands","Dodgers","61","227","4","20","26","3","11.0%","22.5%",".136",".319",".253",".338",".389",".325","108","-0.6","1.4","-1.9","0.7","4016"
"Arismendy Alcantara","Cubs","70","300","10","31","29","8","5.7%","31.0%",".162",".266",".205",".254",".367",".275","72","2.8","-6.5","3.6","0.7","10711"
"Michael Chavis","Red Sox","95","382","18","46","58","2","8.1%","33.2%",".190",".347",".254",".322",".444",".323","96","-2.3","-4.2","-2.4","0.7","17321"
"Jake Bauers","Rays","96","388","11","48","48","6","13.9%","26.8%",".183",".252",".201",".316",".384",".308","96","2.0","0.3","-6.7","0.7","15194"
"Eric Thames","Blue Jays","95","394","12","58","37","2","5.8%","22.3%",".193",".313",".262",".313",".456",".334","107","2.9","5.9","-12.7","0.7","3711"
"Tyler Moore","Nationals","75","171","10","20","29","3","8.2%","26.9%",".250",".310",".263",".327",".513",".361","127","-0.9","4.6","-3.5","0.7","7244"
"Corey Dickerson","Rockies","69","213","5","32","17","2","7.5%","19.2%",".196",".307",".263",".316",".459",".335","95","1.4","0.2","-0.5","0.7","10762"
"Paul Goldschmidt","Diamondbacks","48","177","8","28","26","4","11.3%","29.9%",".224",".323",".250",".333",".474",".352","118","1.1","4.7","-3.9","0.6","9218"
"Nick Johnson","Yankees","129","441","15","56","58","1","10.9%","22.2%",".159",".291",".243",".347",".402",".332","102","-4.2","-2.9","-5.7","0.6","828"
"Brandon Belt","Giants","63","209","9","21","18","3","9.6%","27.3%",".187",".273",".225",".306",".412",".316","103","1.2","2.0","-2.5","0.6","10264"
"Ramon Santiago","Tigers","65","249","4","33","20","8","5.2%","19.3%",".122",".291",".243",".306",".365",".298","82","1.4","-4.1","1.9","0.6","1417"
"Kyle Seager","Mariners","53","201","3","22","13","3","6.5%","17.9%",".121",".303",".258",".312",".379",".306","96","0.6","-0.4","-0.4","0.6","9785"
"Chris Johnson","Astros","105","385","11","41","53","3","4.2%","25.2%",".163",".371",".295",".325",".457",".339","109","-0.2","3.7","-9.6","0.6","1191"
"Ryan Doumit","Pirates","75","257","6","25","35","2","4.3%","18.7%",".143",".298",".255",".324",".398",".319","92","-1.6","-4.3","1.9","0.6","2113"
"Howie Kendrick","Angels","72","283","4","25","30","6","3.2%","15.5%",".131",".324",".285",".314",".416",".313","86","2.0","-3.2","-0.4","0.6","4229"
"Rowdy Tellez","Blue Jays","134","482","25","59","68","1","6.4%","28.4%",".234",".287",".241",".299",".475",".321","100","-1.2","-1.6","-9.4","0.6","15679"
"Nomar Mazara","Rangers","145","568","20","59","64","0","6.9%","19.7%",".153",".299",".266",".320",".419",".318","91","-3.4","-9.7","-4.1","0.6","14553"
"Cory Sullivan","Rockies","139","424","4","64","30","12","6.6%","19.6%",".093",".361",".294",".343",".386",".322","83","3.0","-6.0","-1.9","0.6","1940"
"Josh Rutledge","Rockies","73","291","8","37","37","7","3.1%","18.6%",".195",".315",".274",".306",".469",".332","91","1.4","-1.6","-1.6","0.6","11167"
"Justin Morneau","Twins","114","427","23","53","74","0","8.7%","19.7%",".233",".274",".259",".326",".492",".342","105","-1.0","2.0","-10.6","0.6","1737"
"Tucker Barnhart","Reds","102","334","4","26","19","0","8.7%","16.5%",".071",".279",".240",".309",".311",".272","68","-1.5","-13.9","9.2","0.6","10200"
"Trent Grisham","Brewers","51","183","6","24","24","1","10.9%","26.2%",".179",".286",".231",".328",".410",".316","92","0.7","-1.3","1.3","0.6","18564"
"Alex Avila","Tigers","133","405","12","37","45","2","11.4%","22.0%",".146",".282",".237",".327",".383",".319","93","-3.3","-6.5","-2.0","0.6","7476"
"Tony Abreu","Dodgers","59","178","2","19","17","0","3.9%","11.8%",".133",".297",".271",".309",".404",".309","83","0.4","-3.5","3.5","0.6","5053"
"Dansby Swanson","Braves","182","696","9","79","68","6","10.3%","22.1%",".102",".311",".246",".322",".348",".288","73","2.7","-21.4","4.4","0.6","18314"
"Dee Gordon","Dodgers","56","233","0","34","11","24","3.0%","11.6%",".058",".345",".304",".325",".362",".304","94","4.0","2.3","-4.0","0.6","8203"
"Wilson Betemit","Braves","137","326","4","38","23","1","8.0%","21.8%",".109",".357",".283",".339",".392",".317","91","-0.7","-4.5","-0.7","0.6","1861"
"Colin Moran","- - -","160","502","12","53","63","0","8.2%","18.1%",".134",".312",".272",".335",".405",".319","100","-5.3","-5.0","-5.4","0.6","16909"
"Anthony Gose","Blue Jays","56","189","1","25","11","15","9.0%","31.2%",".096",".340",".223",".303",".319",".280","70","6.5","0.0","-1.1","0.6","5097"
"Carlos Asuaje","Padres","96","368","4","30","23","0","7.9%","21.7%",".091",".339",".266",".328",".356",".302","85","-1.6","-8.5","2.1","0.6","15197"
"Julio Borbon","Rangers","46","179","4","30","20","19","8.4%","15.6%",".102",".360",".312",".376",".414",".354","107","2.2","3.8","-4.5","0.6","3209"
"Carlos Perez","Angels","86","283","4","20","21","2","6.7%","17.3%",".096",".292",".250",".299",".346",".284","81","-0.3","-6.7","2.6","0.5","10642"
"Mallex Smith","Braves","72","215","3","28","22","16","9.3%","22.3%",".127",".302",".238",".316",".365",".300","84","0.3","-4.0","2.5","0.5","13608"
"Preston Tucker","Astros","98","323","13","35","33","0","6.2%","21.1%",".193",".274",".243",".297",".437",".318","104","0.0","1.4","-6.9","0.5","13633"
"Lucas Duda","Mets","129","439","14","49","63","1","8.9%","18.0%",".195",".305",".273",".347",".468",".353","125","-1.3","11.2","-19.7","0.5","2502"
"Brian McCann","Braves","59","204","5","20","23","1","8.8%","12.7%",".122",".300",".278",".345",".400",".321","93","-2.6","-4.3","2.9","0.5","4810"
"Kirk Nieuwenhuis","Mets","91","314","7","40","28","4","8.0%","31.2%",".124",".358",".252",".315",".376",".305","94","2.2","-0.3","-4.3","0.5","6400"
"Yuniesky Betancourt","Mariners","60","228","1","24","15","1","4.8%","10.5%",".114",".282",".256",".296",".370",".291","78","0.5","-5.6","2.9","0.5","8585"
"Josh Bell","Pirates","204","772","29","93","109","2","11.3%","17.6%",".196",".281",".258",".341",".455",".338","109","-8.2","0.4","-20.4","0.5","13145"
"Derek Norris","Athletics","60","232","7","19","34","5","9.1%","28.4%",".148",".255",".201",".276",".349",".275","73","0.0","-7.4","4.3","0.5","6867"
"Jason Donald","Indians","88","325","4","39","24","5","6.8%","21.5%",".125",".320",".253",".312",".378",".305","90","3.5","-0.4","-6.4","0.5","9331"
"Gregory Polanco","Pirates","89","312","7","50","33","14","9.6%","18.9%",".108",".272",".235",".307",".343",".293","87","4.3","-0.1","-4.9","0.5","12907"
"Nathaniel Lowe","Rays","50","169","7","24","19","0","7.7%","29.6%",".191",".340",".263",".325",".454",".328","107","1.3","2.9","-4.1","0.5","19566"
"Kennys Vargas","Twins","53","234","9","26","38","0","5.1%","26.9%",".181",".340",".274",".316",".456",".334","113","0.5","3.8","-7.0","0.5","12101"
"Ryan Kalish","Red Sox","53","179","4","26","24","10","6.7%","21.2%",".153",".303",".252",".305",".405",".313","87","1.8","-0.9","-1.0","0.5","6962"
"Nick Ahmed","Diamondbacks","159","534","10","58","38","4","6.0%","17.0%",".124",".252",".222",".269",".346",".269","61","2.0","-21.7","9.7","0.4","12147"
"Ronald Guzman","Rangers","123","428","16","46","58","1","7.7%","28.3%",".181",".299",".235",".306",".416",".312","87","1.2","-5.5","-4.3","0.4","14388"
"Michael Saunders","Mariners","146","456","10","42","37","10","9.0%","27.2%",".127",".281",".214",".285",".341",".281","74","2.0","-12.3","0.4","0.4","9981"
"Bobby Hill","Cubs","59","215","4","26","20","6","7.9%","19.5%",".121",".306",".253",".327",".374",".306","85","2.3","-1.7","-0.9","0.4","283"
"Freddy Galvis","Phillies","58","200","3","14","24","0","3.5%","14.5%",".137",".253",".226",".254",".363",".267","64","-0.4","-9.1","7.2","0.4","6609"
"Billy Butler","Royals","92","360","8","38","52","0","7.5%","15.3%",".155",".328",".292",".347",".447",".342","105","-2.1","0.0","-8.0","0.4","7399"
"Freddie Freeman","Braves","177","659","22","70","77","4","8.0%","22.8%",".166",".334",".277",".340",".444",".343","117","-4.7","8.0","-24.0","0.4","5361"
"Chris Iannetta","Rockies","88","327","6","34","37","0","12.8%","22.9%",".131",".291",".230",".342",".361",".312","75","-0.9","-11.3","4.9","0.4","8267"
"Ty Wigginton","Mets","202","760","17","91","89","14","7.1%","18.8%",".155",".307",".263",".324",".418",".324","96","-1.5","-5.7","-15.0","0.4","1491"
"Brent Morel","White Sox","147","514","13","53","48","7","5.1%","14.4%",".130",".262",".243",".285",".372",".290","75","0.1","-14.8","1.7","0.4","6402"
"Lourdes Gurriel Jr.","Blue Jays","65","263","11","30","35","1","3.4%","22.4%",".165",".326",".281",".309",".446",".322","103","-0.8","0.2","-4.9","0.4","19238"
"Austin Slater","Giants","108","352","4","36","39","7","8.0%","27.8%",".079",".367",".263",".335",".342",".300","88","2.1","-2.9","-4.1","0.4","16153"
"Vladimir Guerrero Jr.","Blue Jays","123","514","15","52","69","0","8.9%","17.7%",".162",".308",".272",".339",".433",".329","105","-6.6","-3.4","-10.6","0.4","19611"
"Cody Asche","Phillies","50","179","5","18","22","1","8.4%","24.0%",".154",".287",".235",".302",".389",".299","87","1.5","-1.2","-0.4","0.4","11997"
"Brandon Crawford","Giants","66","220","3","22","21","1","10.5%","14.1%",".092",".228",".204",".288",".296",".265","68","0.2","-7.8","5.0","0.4","5343"
"Yandy Diaz","Indians","49","179","0","25","13","2","11.7%","19.6%",".064",".336",".263",".352",".327",".306","84","0.7","-2.8","0.7","0.4","16578"
"Aaron Hicks","Twins","81","313","8","37","27","9","7.7%","26.8%",".146",".241",".192",".259",".338",".266","62","3.1","-10.3","3.8","0.4","5297"
"Felix Pie","Cubs","87","194","2","26","20","8","7.2%","22.2%",".119",".271",".215",".271",".333",".268","51","3.5","-8.8","6.5","0.4","3751"
"Jonathan Schoop","Orioles","142","496","17","53","46","2","2.8%","25.0%",".147",".250",".211",".246",".358",".268","66","0.6","-17.7","5.6","0.4","11265"
"Jake Marisnick","- - -","105","355","4","27","24","14","3.9%","26.5%",".073",".301",".227",".264",".300",".249","56","1.6","-15.8","8.4","0.4","11339"
"Jesus Flores","Nationals","79","197","4","21","25","0","7.1%","24.4%",".117",".313",".244",".310",".361",".301","79","-0.7","-6.0","3.4","0.4","4166"
"Harold Ramirez","Marlins","119","446","11","54","50","2","4.0%","20.4%",".140",".328",".276",".312",".416",".308","92","0.5","-4.0","-6.5","0.4","14387"
"Logan Forsythe","Padres","62","169","0","12","12","3","7.1%","19.5%",".073",".269",".213",".281",".287",".250","60","0.6","-7.2","5.7","0.4","7185"
"Dexter Fowler","Rockies","148","545","4","76","34","27","12.3%","22.2%",".133",".341",".259",".354",".392",".333","91","6.9","0.7","-14.0","0.4","4062"
"Reggie Taylor","Reds","135","311","9","41","38","11","4.5%","25.4%",".174",".317",".254",".291",".429",".306","81","0.1","-7.4","1.0","0.4","358"
"Jimmy Paredes","Astros","46","179","2","16","18","5","5.0%","26.3%",".107",".383",".286",".320",".393",".314","97","-0.2","-0.9","-1.1","0.4","5481"
"Cliff Pennington","Athletics","96","346","4","41","30","11","9.2%","18.5%",".111",".325",".267",".341",".378",".323","96","0.3","-1.5","-7.2","0.3","3395"
"Robbie Grossman","Astros","63","288","4","29","21","6","8.0%","24.3%",".101",".353",".268",".332",".370",".314","96","0.4","-0.8","-5.4","0.3","5254"
"Ezequiel Carrera","Indians","68","226","0","27","14","10","7.1%","15.5%",".069",".293",".243",".301",".312",".277","74","1.8","-5.1","0.7","0.3","9048"
"Carlos Pena","- - -","115","443","19","43","52","2","9.3%","25.1%",".207",".286",".242",".316",".448",".332","104","1.7","4.2","-16.1","0.3","934"
"Jhonny Peralta","Indians","77","270","4","24","21","1","7.4%","24.1%",".099",".291",".227",".295",".326",".279","67","-1.6","-12.6","6.5","0.3","1738"
"John Buck","Royals","71","258","12","36","30","1","5.8%","30.6%",".189",".297",".235",".280",".424",".302","74","-1.6","-10.3","4.6","0.3","2041"
"Brandon Fahey","Orioles","91","286","2","36","23","3","8.0%","16.8%",".072",".284",".235",".307",".307",".279","62","3.6","-10.6","3.8","0.3","4746"
"Nate McLouth","Pirates","147","417","12","70","28","12","5.0%","18.9%",".164",".272",".240",".296",".404",".305","81","5.2","-5.2","-5.7","0.3","3190"
"Angel Pagan","Cubs","77","187","5","28","18","4","8.0%","15.0%",".147",".268",".247",".306",".394",".306","75","1.5","-4.5","1.3","0.3","2918"
"Andrew Knapp","Phillies","56","204","3","26","13","1","15.2%","27.5%",".111",".360",".257",".368",".368",".321","94","0.3","-1.2","-2.6","0.3","14942"
"Jordany Valdespin","Mets","94","206","8","28","26","10","4.9%","21.4%",".183",".273",".241",".286",".424",".308","95","0.1","-1.0","-2.5","0.3","5098"
"Tyler Saladino","White Sox","68","254","4","33","20","8","4.7%","20.1%",".110",".269",".225",".267",".335",".264","64","1.1","-9.5","3.8","0.3","10807"
"Mike Moustakas","Royals","89","365","5","26","30","2","6.0%","14.0%",".104",".296",".263",".309",".367",".300","84","-1.4","-8.4","-1.1","0.3","4892"
"Amed Rosario","Mets","46","170","4","16","10","7","1.8%","28.8%",".145",".330",".248",".271",".394",".282","75","-0.2","-5.6","2.8","0.3","15518"
"Chris Snyder","Diamondbacks","144","483","11","34","43","0","11.0%","23.2%",".126",".260",".211",".304",".336",".284","62","-2.1","-24.9","12.0","0.3","4606"
"Jace Peterson","- - -","179","655","6","58","52","14","8.9%","21.1%",".088",".286",".227",".300",".315",".273","70","1.8","-21.1","3.7","0.3","12325"
"Travis Snider","Blue Jays","101","356","11","43","42","1","9.6%","28.4%",".175",".337",".255",".331",".430",".333","99","0.3","-0.2","-9.9","0.2","2830"
"Edwin Encarnacion","Reds","69","234","9","25","31","3","8.5%","25.6%",".204",".282",".232",".308",".436",".321","91","-2.4","-5.1","-0.1","0.2","2151"
"Nicholas Castellanos","Tigers","159","597","11","51","66","2","6.0%","23.6%",".131",".325",".260",".305",".390",".305","93","-2.9","-7.3","-9.3","0.2","11737"
"Matt Kata","Diamondbacks","78","322","7","42","29","3","7.8%","16.5%",".163",".290",".257",".315",".420",".319","85","0.9","-5.4","-2.8","0.2","1741"
"Austin Riley","Braves","80","297","18","41","49","0","5.4%","36.4%",".245",".293",".226",".279",".471",".307","86","-1.1","-6.6","-0.6","0.2","18360"
"Nick Green","Braves","95","290","3","40","26","1","4.1%","21.7%",".114",".345",".273",".312",".386",".304","80","2.0","-5.7","-1.7","0.2","1502"
"Xander Bogaerts","Red Sox","162","644","13","67","51","3","6.8%","23.4%",".122",".298",".241",".299",".363",".295","82","0.9","-12.1","-6.2","0.2","12161"
"Josh VanMeter","Reds","95","260","8","33","23","9","11.2%","21.5%",".171",".279",".237",".327",".408",".316","91","-0.9","-4.2","-2.0","0.2","15170"
"Melvin Upton Jr.","Devil Rays","45","177","4","19","12","4","8.5%","26.0%",".151",".336",".258",".324",".409",".320","91","2.3","0.3","-4.1","0.2","5015"
"Rosell Herrera","- - -","86","302","1","25","20","3","6.3%","18.9%",".083",".288",".234",".286",".317",".266","63","0.4","-13.1","5.2","0.2","11611"
"Starling Marte","Pirates","47","182","5","18","17","12","4.4%","27.5%",".180",".333",".257",".300",".437",".316","100","-0.8","-0.8","-2.7","0.2","9241"
"Andy Dirks","Tigers","78","235","7","34","28","5","4.7%","15.3%",".155",".273",".251",".296",".406",".308","89","1.3","-1.7","-4.1","0.2","6453"
"Jose Altuve","Astros","57","234","2","26","12","7","2.1%","12.4%",".081",".309",".276",".297",".357",".289","80","0.1","-5.4","0.2","0.2","5417"
"Matt LaPorta","Indians","52","198","7","29","21","2","6.1%","18.7%",".188",".281",".254",".308",".442",".326","95","-2.4","-3.6","-1.4","0.2","2280"
"Tommy La Stella","Braves","93","360","1","22","31","2","10.0%","11.1%",".066",".283",".251",".328",".317",".292","84","-4.4","-10.9","1.5","0.2","12371"
"Jose Lopez","Mariners","57","218","5","28","22","0","3.7%","14.2%",".135",".250",".232",".263",".367",".273","63","1.6","-8.6","2.8","0.2","3114"
"Austin Meadows","- - -","59","191","6","19","17","5","5.2%","20.9%",".174",".336",".287",".325",".461",".332","109","1.0","3.2","-7.7","0.2","15672"
"Robinson Cano","Yankees","132","551","14","78","62","1","2.9%","12.3%",".161",".318",".297",".320",".458",".334","105","-0.7","2.7","-19.7","0.2","3269"
"Jeff Duncan","Mets","56","166","1","13","10","4","10.2%","24.7%",".050",".268",".194",".291",".245",".244","44","1.4","-10.6","6.7","0.2","1715"
"Oswaldo Arcia","Twins","97","378","14","34","43","1","6.1%","31.0%",".179",".336",".251",".304",".430",".322","101","-0.1","0.5","-11.3","0.2","10306"
"JD Closser","Rockies","128","396","8","36","37","1","9.6%","17.7%",".131",".293",".251",".329",".383",".316","78","-1.3","-12.5","1.1","0.2","2108"
"Jeremy Hermida","Marlins","122","395","9","46","39","6","9.9%","20.8%",".144",".310",".256",".338",".399",".323","93","2.0","-1.6","-10.4","0.1","7208"
"Travis Metcalf","Rangers","57","181","5","25","21","0","7.2%","22.7%",".180",".308",".255",".307",".435",".321","89","-0.6","-3.2","-1.8","0.1","7364"
"Hector Luna","Cardinals","83","192","3","25","22","6","6.8%","19.3%",".116",".294",".249",".304",".364",".293","74","2.4","-4.0","-1.1","0.1","1874"
"J.T. Riddle","Marlins","70","247","3","20","31","0","4.9%","20.2%",".105",".300",".250",".282",".355",".270","66","-1.2","-12.1","5.2","0.1","17642"
"Daniel Robertson","Rays","75","254","5","22","19","1","11.4%","28.7%",".119",".282",".206",".308",".326",".284","77","-1.7","-8.9","1.4","0.1","14145"
"Derrick Robinson","Reds","102","216","0","21","8","4","8.3%","20.4%",".068",".331",".255",".322",".323",".292","80","-0.5","-5.4","0.0","0.1","2784"
"J.T. Realmuto","Marlins","137","497","10","53","56","8","4.0%","15.7%",".145",".288",".257",".288",".402",".296","88","0.7","-6.3","-7.9","0.1","11739"
"Brandon Drury","Diamondbacks","154","558","18","62","61","1","5.9%","19.4%",".174",".314",".275",".321",".449",".329","98","-3.6","-4.7","-11.5","0.1","11615"
"Steve Lombardozzi","Nationals","139","448","3","43","28","5","4.5%","11.2%",".077",".298",".267",".310",".345",".289","78","0.2","-11.2","-1.4","0.1","5422"
"Chase Headley","Padres","99","389","9","35","38","4","8.2%","27.8%",".146",".359",".266",".337",".413",".331","106","-0.7","2.1","-13.7","0.1","4720"
"Miguel Rojas","Dodgers","85","162","1","16","9","0","6.2%","17.3%",".040",".217",".181",".242",".221",".213","35","-0.5","-12.4","8.2","0.1","7802"
"Brian Anderson","White Sox","147","440","10","49","36","5","6.8%","23.2%",".140",".269",".221",".281",".361",".280","60","-0.4","-23.1","8.7","0.1","6144"
"Matt Thaiss","Angels","53","164","8","17","23","0","10.4%","31.7%",".211",".264",".211",".293",".422",".303","89","-1.6","-3.8","-1.2","0.1","19318"
"Michael Morse","Mariners","72","258","3","27","23","3","7.0%","19.4%",".091",".341",".278",".349",".370",".322","99","-2.6","-2.8","-5.1","0.1","3035"
"Yairo Munoz","Cardinals","108","329","8","39","42","5","9.1%","21.6%",".137",".338",".276",".350",".413",".326","107","-1.9","0.8","-10.5","0.1","16313"
"Isiah Kiner-Falefa","Rangers","111","396","4","43","34","7","7.1%","15.7%",".096",".306",".261",".325",".357",".301","79","-1.2","-10.9","-1.5","0.1","16512"
"Maicer Izturis","- - -","109","331","2","28","19","13","8.2%","12.4%",".104",".262",".232",".299",".336",".279","66","0.9","-13.3","2.6","0.1","2437"
"Sean Rodriguez","Angels","59","187","3","18","10","3","7.5%","29.4%",".114",".282",".204",".276",".317",".268","58","0.7","-9.0","3.0","0.1","6589"
"Laynce Nix","Rangers","53","195","8","25","30","3","4.6%","27.2%",".185",".315",".255",".289",".440",".313","82","2.5","-1.9","-4.4","0.0","1766"
"Sean Burroughs","Padres","63","206","1","18","11","2","5.8%","14.6%",".052",".317",".271",".317",".323",".287","77","1.1","-4.9","-1.5","0.0","1021"
"Garrett Hampson","Rockies","129","375","8","43","31","17","8.3%","26.7%",".136",".330",".251",".314",".386",".300","69","4.9","-10.7","-1.3","0.0","19262"
"Luis Valbuena","- - -","121","452","10","58","32","2","6.6%","20.8%",".158",".298",".249",".300",".408",".310","85","-0.9","-9.3","-6.3","0.0","4969"
"Chad Pinder","Athletics","109","364","16","40","46","2","5.8%","29.1%",".207",".293",".237",".289",".444",".310","95","-3.2","-5.5","-6.9","0.0","15191"
"Ty France","Padres","69","201","7","20","24","0","4.5%","24.4%",".168",".279",".234",".294",".402",".296","83","-3.5","-8.0","1.5","0.0","17982"
"Jackie Bradley Jr.","Red Sox","164","530","4","63","40","10","7.7%","28.7%",".084",".277",".196",".268",".280",".250","50","0.9","-28.2","11.3","0.0","12984"
"Derek Fisher","Astros","53","166","5","21","17","3","10.2%","32.5%",".144",".299",".212",".307",".356",".291","82","-1.3","-5.0","-0.7","0.0","16192"
"Giovanny Urshela","Indians","81","288","6","25","21","0","6.3%","20.1%",".105",".266",".225",".279",".330",".270","65","-3.4","-15.1","5.5","0.0","10681"
"Billy McKinney","- - -","122","408","18","51","41","1","7.4%","26.0%",".208",".265",".227",".288",".435",".306","90","-1.9","-7.4","-7.1","0.0","15654"
"Trevor Crowe","Indians","68","202","1","22","17","6","5.4%","19.3%",".098",".288",".235",".278",".333",".270","58","0.4","-10.1","2.6","0.0","3402"
"Ruben Gotay","Royals","44","166","1","17","16","0","5.4%","21.7%",".105",".342",".270",".315",".375",".303","74","-0.1","-5.6","-0.5","0.0","3417"
"Felix Escalona","Devil Rays","59","171","0","17","9","7","1.8%","25.7%",".076",".298",".217",".262",".293",".249","47","1.4","-9.8","3.5","0.0","1204"
"Kendrys Morales","Angels","57","215","5","21","22","1","7.9%","13.0%",".137",".248",".234",".293",".371",".289","70","-2.8","-11.2","3.2","-0.1","8610"
"Gorkys Hernandez","- - -","70","173","3","18","13","7","7.5%","24.3%",".109",".243",".192",".267",".301",".256","58","1.3","-7.3","1.4","-0.1","4146"
"Victor Diaz","Mets","104","366","15","49","46","6","8.5%","26.5%",".215",".326",".263",".328",".477",".339","106","-3.1","-0.2","-12.5","-0.1","3424"
"Yolmer Sanchez","White Sox","148","524","5","46","36","3","4.2%","20.2%",".092",".282",".229",".268",".321",".260","62","-3.4","-26.4","8.5","-0.1","11602"
"Chris Magruder","Indians","87","278","6","34","29","2","5.4%","19.8%",".136",".251",".217",".261",".353",".266","58","0.8","-13.7","3.1","-0.1","392"
"Danny Richar","White Sox","56","206","6","30","15","1","7.8%","16.0%",".176",".248",".230",".289",".406",".303","77","0.3","-5.8","-2.5","-0.1","3767"
"Scott Kingery","Phillies","147","484","8","55","35","10","5.0%","26.0%",".113",".291",".226",".267",".338",".263","61","3.4","-19.8","3.4","-0.1","17975"
"Conor Jackson","Diamondbacks","180","655","17","83","87","1","10.1%","12.8%",".144",".296",".277",".358",".421",".341","98","-3.6","-4.7","-18.2","-0.1","5997"
"Greg Allen","Indians","116","330","3","43","26","22","4.8%","20.0%",".090",".313",".253",".307",".343",".286","73","3.2","-7.4","-5.0","-0.1","16623"
"Michael A. Taylor","Nationals","155","554","15","54","68","16","6.9%","31.6%",".131",".313",".227",".282",".358",".275","70","-1.1","-20.5","2.1","-0.1","11489"
"C.J. Cron","Angels","79","253","11","28","37","0","4.0%","24.1%",".194",".300",".256",".289",".450",".324","112","-4.0","-0.6","-8.8","-0.2","12546"
"Elijah Dukes","Devil Rays","52","220","10","27","21","2","15.0%","20.0%",".201",".191",".190",".318",".391",".317","90","-1.2","-3.8","-5.5","-0.2","4946"
"Josh Naylor","Padres","94","279","8","29","32","1","9.0%","22.9%",".154",".302",".249",".315",".403",".306","89","-0.1","-4.0","-6.8","-0.2","18839"
"Jarrod Saltalamacchia","- - -","93","329","11","39","33","0","5.8%","22.8%",".156",".318",".266",".310",".422",".319","88","-1.4","-6.6","-6.3","-0.2","5557"
"Johnny Giavotella","Royals","46","187","2","20","21","5","3.2%","17.1%",".129",".288",".247",".273",".376",".282","72","0.6","-5.6","-2.3","-0.2","6740"
"Harold Castro","Tigers","103","379","5","32","38","5","2.4%","23.2%",".091",".367",".291",".305",".382",".291","78","1.0","-9.5","-5.9","-0.2","14691"
"Gerardo Parra","Diamondbacks","120","491","5","59","60","5","5.1%","18.1%",".114",".346",".290",".324",".404",".318","85","-4.5","-13.4","-4.1","-0.2","8553"
"Nicky Lopez","Royals","103","402","2","44","30","1","4.5%","12.7%",".084",".273",".240",".276",".325",".260","56","-0.6","-23.3","6.9","-0.2","19339"
"Taylor Featherston","Angels","101","169","2","23","9","4","4.1%","27.2%",".084",".215",".162",".212",".247",".206","26","2.1","-12.4","4.8","-0.2","12590"
"Tyler White","Astros","86","276","8","24","28","1","8.3%","23.6%",".161",".258",".217",".286",".378",".287","81","0.1","-6.3","-5.4","-0.2","15564"
"Jurickson Profar","Rangers","94","341","7","32","28","2","7.6%","19.6%",".112",".274",".231",".301",".343",".290","74","-1.3","-11.4","-1.8","-0.2","10815"
"Hank Blalock","Rangers","49","172","3","16","17","0","11.6%","25.0%",".116",".272",".211",".306",".327",".284","64","0.2","-7.5","-0.8","-0.2","1419"
"Scott Hairston","Diamondbacks","101","364","13","39","29","3","5.8%","24.2%",".195",".297",".248",".293",".442",".315","81","-1.2","-10.2","-4.6","-0.3","1926"
"James Jones","Mariners","108","328","0","46","9","27","3.7%","20.4%",".061",".318",".250",".278",".311",".262","68","7.5","-3.9","-8.8","-0.3","9767"
"Shane Costa","Royals","99","340","5","36","30","2","3.2%","11.8%",".123",".287",".264",".300",".387",".297","75","1.0","-9.9","-4.6","-0.3","6358"
"Joey Rickard","Orioles","85","282","5","32","19","4","6.4%","19.1%",".109",".320",".268",".319",".377",".304","88","0.7","-3.3","-9.3","-0.3","13277"
"Jean Segura","- - -","45","166","0","19","14","7","7.8%","13.9%",".066",".302",".258",".315",".325",".278","68","1.7","-4.6","-3.3","-0.3","5933"
"Orlando Arcia","Brewers","55","216","4","21","17","8","6.9%","21.8%",".139",".267",".219",".273",".358",".274","65","1.2","-8.1","-1.7","-0.3","13185"
"Cedric Mullins II","Orioles","45","191","4","23","11","2","8.9%","19.4%",".124",".279",".235",".312",".359",".298","84","0.1","-3.5","-5.9","-0.3","17929"
"Scott Sizemore","Tigers","48","163","3","19","14","0","9.2%","24.5%",".112",".287",".224",".296",".336",".285","71","0.3","-5.2","-3.6","-0.3","2881"
"Willie Harris","White Sox","49","177","2","14","12","8","5.1%","11.9%",".061",".254",".233",".270",".294",".253","46","0.7","-11.2","1.8","-0.3","236"
"Ruben Tejada","Mets","78","255","1","28","15","2","8.6%","14.9%",".069",".250",".213",".305",".282",".268","64","1.7","-9.3","-1.7","-0.3","5519"
"Kevin Frandsen","Giants","150","398","7","38","38","4","6.0%","9.5%",".109",".267",".255",".319",".364",".302","76","-5.0","-17.2","0.4","-0.3","7528"
"Jaycob Brugman","Athletics","48","162","3","12","12","1","11.1%","23.5%",".077",".340",".266",".346",".343",".305","91","-0.2","-1.9","-7.2","-0.4","14936"
"Travis Demeritte","Tigers","48","186","3","24","10","3","7.5%","33.9%",".118",".337",".225",".286",".343",".272","65","1.2","-7.1","-3.2","-0.4","15958"
"Matt Kemp","Dodgers","52","166","7","30","23","6","5.4%","31.9%",".195",".330",".253",".289",".448",".309","84","3.2","-0.4","-9.0","-0.4","5631"
"Jonathan Villar","Astros","58","241","1","26","8","18","10.0%","29.5%",".076",".362",".243",".321",".319",".289","79","0.2","-5.6","-5.8","-0.4","10071"
"Brian Dozier","Twins","84","340","6","33","33","9","4.7%","17.1%",".098",".267",".234",".271",".332",".265","63","-1.5","-16.4","1.2","-0.4","9810"
"Nick Hundley","Padres","60","216","5","21","24","0","5.1%","24.1%",".121",".288",".237",".278",".359",".279","71","1.7","-6.1","-4.8","-0.4","3376"
"Alexi Amarista","- - -","129","356","5","38","37","8","5.3%","14.0%",".138",".251",".226",".266",".364",".272","74","0.9","-10.0","-4.8","-0.4","9063"
"Justin Smoak","- - -","100","397","13","40","48","1","11.6%","22.9%",".152",".255",".218",".307",".371",".300","81","-3.2","-12.3","-5.8","-0.4","9054"
"Jason Castro","Astros","67","217","2","26","8","0","10.1%","18.9%",".082",".250",".205",".286",".287",".260","56","-1.6","-13.0","2.3","-0.4","8722"
"Josh Phegley","White Sox","65","213","4","14","22","2","2.3%","19.2%",".093",".236",".206",".223",".299",".229","36","-0.1","-15.5","4.6","-0.4","9308"
"Ryan Flaherty","Orioles","77","167","6","15","19","1","3.6%","25.7%",".144",".257",".216",".258",".359",".270","64","-1.3","-8.3","-2.2","-0.5","7888"
"Brandon Phillips","Indians","123","429","6","41","37","4","4.0%","19.3%",".107",".252",".212",".251",".319",".251","49","1.2","-26.3","5.7","-0.6","791"
"Dominic Smith","Mets","49","183","9","17","26","0","7.7%","26.8%",".198",".218",".198",".262",".395",".281","74","-1.1","-7.2","-4.6","-0.6","15653"
"Lastings Milledge","Mets","56","185","4","14","22","1","6.5%","21.1%",".139",".290",".241",".310",".380",".295","74","-1.6","-7.8","-4.3","-0.6","6441"
"Marwin Gonzalez","Astros","80","219","2","21","12","3","5.9%","13.2%",".093",".264",".234",".280",".327",".269","65","-6.1","-15.3","3.1","-0.6","5497"
"Rickie Weeks Jr.","Brewers","103","428","13","57","42","15","9.6%","23.8%",".153",".291",".237",".331",".390",".320","91","-2.9","-7.9","-11.9","-0.6","1849"
"Wilin Rosario","Rockies","133","483","31","73","79","4","5.6%","24.6%",".260",".285",".262",".302",".522",".349","103","-2.0","-0.4","-19.9","-0.6","8002"
"Jose Osuna","Pirates","104","227","7","31","30","0","4.0%","17.6%",".195",".254",".233",".269",".428",".293","78","-1.3","-7.6","-6.0","-0.6","12937"
"Chip Ambres","Royals","53","167","4","25","9","3","9.6%","19.2%",".138",".282",".241",".323",".379",".310","85","-0.7","-3.8","-8.1","-0.6","2042"
"Rene Tosoni","Twins","60","189","5","20","22","0","7.4%","22.2%",".140",".240",".203",".275",".343",".277","70","-1.1","-7.8","-4.5","-0.6","7099"
"James McCann","Tigers","123","437","7","34","41","1","3.7%","21.1%",".121",".324",".264",".296",".385",".296","84","-5.5","-13.7","-6.9","-0.7","12859"
"Brad Eldred","Pirates","55","208","12","23","27","1","6.3%","37.0%",".237",".291",".221",".279",".458",".315","89","-0.5","-3.3","-10.8","-0.7","4328"
"Jordan Schafer","Braves","50","195","2","18","8","2","13.8%","32.3%",".084",".311",".204",".313",".287",".274","62","-1.0","-10.2","-3.3","-0.7","9883"
"Javier Baez","Cubs","52","229","9","25","20","5","6.6%","41.5%",".155",".248",".169",".227",".324",".248","54","0.8","-11.1","-2.7","-0.8","12979"
"Ben Zobrist","Devil Rays","52","198","2","10","18","2","5.1%","13.1%",".087",".247",".224",".260",".311",".248","44","-0.6","-14.9","0.1","-0.8","7435"
"Adam Engel","White Sox","97","336","6","34","21","8","5.7%","34.8%",".116",".247",".166",".235",".282",".230","39","4.3","-21.2","2.0","-0.8","15082"
"Tyler Pastornicky","Braves","76","188","2","21","13","2","5.3%","17.0%",".083",".287",".243",".287",".325",".269","66","0.2","-7.5","-5.9","-0.8","6777"
"John Bowker","Giants","111","350","10","31","43","1","5.4%","21.1%",".153",".299",".255",".300",".408",".309","83","-3.0","-10.5","-8.8","-0.8","8276"
"Jesus Montero","- - -","153","622","19","55","74","0","5.8%","18.6%",".141",".301",".267",".310",".408",".309","99","-7.3","-8.3","-20.7","-0.8","5514"
"Ray Olmedo","Reds","79","250","0","24","17","1","5.2%","18.4%",".035",".299",".239",".280",".274",".251","44","2.8","-15.1","-1.6","-0.8","1718"
"Luis Gonzalez","Rockies","102","351","12","42","40","1","4.3%","19.1%",".177",".336",".292",".330",".469",".343","93","-4.4","-7.7","-12.9","-0.9","1860"
"Ryder Jones","Giants","53","164","2","12","5","1","6.1%","31.7%",".100",".250",".173",".244",".273",".223","35","0.7","-13.1","-1.4","-0.9","15982"
"Oscar Taveras","Cardinals","80","248","3","18","22","0","4.8%","14.9%",".073",".272",".239",".278",".312",".265","67","-2.9","-12.2","-3.6","-0.9","11173"
"Jon Singleton","Astros","95","362","13","42","44","2","13.8%","37.0%",".168",".238",".168",".285",".335",".283","81","0.8","-6.8","-13.0","-0.9","10441"
"Andy LaRoche","- - -","111","367","6","33","28","4","12.0%","16.6%",".089",".207",".184",".288",".272",".255","49","2.5","-21.2","0.1","-0.9","6444"
"Joe Lawrence","Blue Jays","55","174","2","16","15","2","9.2%","21.8%",".067",".219",".180",".262",".247",".236","34","1.2","-13.0","-2.2","-0.9","1308"
"Eduardo Nunez","Yankees","142","391","6","50","37","27","6.4%","10.0%",".114",".286",".267",".314",".382",".306","87","1.2","-4.7","-17.3","-0.9","6848"
"Richie Martin Jr.","Orioles","120","309","6","29","23","10","4.5%","26.9%",".113",".272",".208",".260",".322",".252","50","-1.1","-20.7","-0.3","-1.0","17736"
"Reggie Abercrombie","Marlins","111","281","5","39","24","6","6.4%","27.8%",".122",".283",".212",".271",".333",".264","54","1.8","-15.1","-4.7","-1.0","2187"
"Dawel Lugo","Tigers","104","389","7","38","34","0","3.9%","20.3%",".125",".281",".237",".270",".362",".268","63","-2.2","-20.4","-3.3","-1.0","14713"
"Jose Castillo","Pirates","129","414","8","44","39","3","5.6%","22.2%",".112",".316",".256",".298",".368",".287","68","-0.6","-17.8","-6.6","-1.0","1866"
"Victor Reyes","Tigers","100","219","1","35","12","9","2.3%","21.0%",".066",".277",".222",".239",".288",".229","38","0.8","-15.4","-1.7","-1.0","15487"
"Scott Thorman","Braves","175","440","16","50","50","2","4.3%","20.7%",".186",".245",".222",".260",".407",".284","65","-0.1","-20.0","-5.5","-1.1","2238"
"Yasmany Tomas","Diamondbacks","118","426","9","40","48","5","4.0%","25.8%",".128",".354",".273",".305",".401",".307","87","-3.6","-9.9","-13.3","-1.1","17171"
"Allen Cordoba","Padres","100","227","4","17","15","2","7.9%","23.8%",".089",".259",".208",".282",".297",".256","55","-0.6","-13.6","-4.6","-1.1","15722"
"Ken Harvey","Royals","135","524","13","50","64","2","5.5%","17.9%",".142",".305",".266",".313",".408",".312","82","-6.0","-17.6","-11.4","-1.1","604"
"Mark Teahen","Royals","130","491","7","60","55","7","8.1%","21.8%",".130",".308",".246",".309",".376",".301","79","3.4","-9.5","-17.9","-1.1","4511"
"Michael Brantley","Indians","100","446","3","48","33","14","6.7%","12.8%",".068",".299",".264",".313",".333",".291","78","0.3","-11.4","-14.9","-1.1","4106"
"Tyler Goeddel","Phillies","92","234","4","17","16","3","7.3%","22.2%",".099",".234",".192",".258",".291",".244","47","1.5","-13.8","-4.5","-1.1","13180"
"Brent Butler","Rockies","113","367","9","55","42","2","2.7%","10.9%",".154",".268",".259",".287",".413",".298","61","-0.9","-19.0","-4.7","-1.2","423"
"Lewis Brinson","- - -","130","461","13","33","45","3","5.2%","29.7%",".142",".242",".189",".239",".331",".245","53","1.4","-25.5","-0.6","-1.2","14352"
"Trevor Plouffe","Twins","103","364","10","54","37","3","6.9%","23.4%",".156",".271",".226",".286",".382",".294","81","0.1","-8.2","-15.3","-1.2","7462"
"Stefen Romero","Mariners","72","190","3","19","11","0","2.1%","25.3%",".107",".244",".192",".234",".299",".239","52","-1.4","-11.5","-5.4","-1.2","11746"
"Isan Diaz","Marlins","49","201","5","17","23","0","9.5%","29.4%",".134",".224",".173",".259",".307",".248","53","-2.9","-15.4","-4.0","-1.2","17922"
"J.P. Arencibia","Blue Jays","140","523","25","50","82","1","7.3%","27.5%",".218",".247",".213",".275",".431",".305","87","-2.9","-10.8","-18.4","-1.2","697"
"Christin Stewart","Tigers","121","488","12","39","50","0","9.0%","23.8%",".154",".292",".238",".316",".392",".302","85","-3.4","-12.6","-18.6","-1.4","17714"
"Adeiny Hechavarria","- - -","189","715","5","40","57","11","4.8%","17.9%",".079",".279",".232",".269",".311",".257","59","-5.2","-38.7","3.9","-1.4","10459"
"Ronny Cedeno","Cubs","192","661","7","64","47","9","3.3%","18.2%",".091",".302",".252",".283",".344",".271","54","0.4","-39.8","0.1","-1.7","2179"
"Rob Brantly","Marlins","98","356","4","25","26","1","7.9%","19.4%",".090",".285",".235",".298",".325",".275","71","-2.0","-13.3","-15.3","-1.9","10655"
"Andy Gonzalez","White Sox","67","215","2","17","11","1","11.6%","28.4%",".063",".262",".185",".280",".249",".248","40","-2.1","-18.4","-12.0","-2.2","3669"
"Jose Bautista","- - -","192","596","16","67","54","3","9.4%","26.3%",".151",".288",".225",".318",".376",".307","81","-4.9","-19.1","-24.2","-2.3","1887"
